{"has_child":1,"home_url":"http:\/\/localhost\/Formative","child_file":{"localhost_Formative_wpvivid-63622c947880d_2022-11-02-08-38_backup_core.zip":{"include_path":["wp-includes","wp-admin"],"wp_core":1,"home_url":"http:\/\/localhost\/Formative","file_type":"wp-core","root_flag":"root","file":"localhost_Formative_wpvivid-63622c947880d_2022-11-02-08-38_backup_core.zip","php_version":"8.0.1","mysql_version":"5.7.24"},"localhost_Formative_wpvivid-63622c947880d_2022-11-02-08-38_backup_themes.zip":{"file_type":"themes","themes":{"react-theme":{"slug":"react-theme","size":2786094},"twentytwenty":{"slug":"twentytwenty","size":1775141},"twentytwentyone":{"slug":"twentytwentyone","size":3670425},"twentytwentytwo":{"slug":"twentytwentytwo","size":6643877}},"root_flag":"wp-content","file":"localhost_Formative_wpvivid-63622c947880d_2022-11-02-08-38_backup_themes.zip","php_version":"8.0.1","mysql_version":"5.7.24"},"localhost_Formative_wpvivid-63622c947880d_2022-11-02-08-38_backup_plugin.zip":{"file_type":"plugin","plugin":{"advanced-custom-fields":{"slug":"advanced-custom-fields","size":11832308},"akismet":{"slug":"akismet","size":270868},"custom-post-type-ui":{"slug":"custom-post-type-ui","size":495005}},"root_flag":"wp-content","file":"localhost_Formative_wpvivid-63622c947880d_2022-11-02-08-38_backup_plugin.zip","php_version":"8.0.1","mysql_version":"5.7.24"},"localhost_Formative_wpvivid-63622c947880d_2022-11-02-08-38_backup_uploads.zip":{"file_type":"upload","root_flag":"wp-content","file":"localhost_Formative_wpvivid-63622c947880d_2022-11-02-08-38_backup_uploads.zip","php_version":"8.0.1","mysql_version":"5.7.24"},"localhost_Formative_wpvivid-63622c947880d_2022-11-02-08-38_backup_db.zip":{"dump_db":1,"home_url":"http:\/\/localhost\/Formative","file_type":"databases","root_flag":"custom","file":"localhost_Formative_wpvivid-63622c947880d_2022-11-02-08-38_backup_db.zip","php_version":"8.0.1","mysql_version":"5.7.24"},"localhost_Formative_wpvivid-63622c947880d_2022-11-02-08-38_backup_content.zip":{"file_type":"wp-content","root_flag":"root","file":"localhost_Formative_wpvivid-63622c947880d_2022-11-02-08-38_backup_content.zip","php_version":"8.0.1","mysql_version":"5.7.24"}},"root_flag":"custom","file":"localhost_Formative_wpvivid-63622c947880d_2022-11-02-08-38_backup_all.zip","php_version":"8.0.1","mysql_version":"5.7.24"}